"","id","name","member","reference","image"
"1","hMSEA6001","Adrenal Cortex","17-Hydroxypregnenolone sulfate; 18-Oxocortisol; 5,10-Methylene-THF; Pregnenolone; Imidazole; Estriol; 17-Hydroxyprogesterone; Ursodeoxycholic acid; Gamma-Aminobutyric acid; 2,3-Butanediol; 22b-Hydroxycholesterol; Androst-5-ene-3b,17b-diol; 17a-Hydroxypregnenolone","<a href=""http://www.hmdb.ca"" target=""_blank""><u>HMDB</u></a>",NA
"2","hMSEA6002","Adrenal Gland","Pregnenolone; Imidazole; Estriol; 17-Hydroxyprogesterone; 16-Oxoandrostenediol; 18-Hydroxycorticosterone; Epiandrosterone; Erucic acid; Isocitric acid; Metanephrine; Normetanephrine; Glucosylsphingosine; Pyrocatechol; Ganglioside GM3; 7-Dehydrocholesterol; NAD; Lactosylceramide; N-Acetylneuraminic acid; Formamide; Nandrolone; Prostaglandin F2a; Cholesterol sulfate; Vanillylmandelic acid; Hexacosanoic acid; 3-Hydroxy-3-methylglutaryl-CoA; Glucose 6-phosphate; Malic acid; Dolichol-20; Epitestosterone; 21-Deoxycortisol","<a href=""http://www.hmdb.ca"" target=""_blank""><u>HMDB</u></a>",NA
"3","hMSEA6003","Adrenal Medulla","Metanephrine; Normetanephrine; 6-Hydroxymelatonin; 3,4-Dihydroxyphenylglycol; Tyramine; 6-Hydroxydopamine; Ganglioside GD3; Adenosine tetraphosphate","<a href=""http://www.hmdb.ca"" target=""_blank""><u>HMDB</u></a>",NA
"4","hMSEA6004","Artery","Homocysteine; Prostaglandin E1","<a href=""http://www.hmdb.ca"" target=""_blank""><u>HMDB</u></a>",NA
"5","hMSEA6005","Basal Ganglia","N-Acetyl-L-aspartic acid; Myoinositol","<a href=""http://www.hmdb.ca"" target=""_blank""><u>HMDB</u></a>",NA
"6","hMSEA6006","Bladder","Deoxyuridine; 4-Pyridoxic acid; p-Hydroxyphenylacetic acid; Betaine; Ascorbic acid; L-Carnitine; Cortisol; Creatine; Epinephrine; Dopamine; Choline; Ethanol; Glycolic acid; D-Glucose; Glycine; Glycerol; D-Mannose; L-Dopa; Alpha-Lactose; Norepinephrine; Palmitic acid; Phenol; Protoporphyrin IX; Sorbitol; Sucrose; Serotonin; Thymidine; Uric acid; Xanthine; L-Arginine; Adenosine triphosphate; Creatinine; Chondroitin sulfate; Cyanocobalamin; Hematoporphyrin IX; L-Leucine; Phosphoglycolic acid; Pyridinoline; Histamine; Valeric acid; Acetylcholine; Ergocalciferol; Citrulline; Ursodeoxycholic acid; 5-Aminolevulinic acid; Lathosterol; D-Lactic acid; Prostaglandin I2; Purine; Melatonin; Heparin; Guanosine monophosphate; Niacinamide; Formaldehyde; 3-Hydroxyanthranilic acid; NADH; Nicotine-1'-N-oxide; Folinic acid; Acetone; Verapamil; All-trans-retinoic acid; Benzoic acid; Alpha-Tocopherol; Calcitriol; Ibuprofen; 17a-Ethynylestradiol; Vasopressin; Phenylephrine; Oxalic acid; Octadecanol; Catechin; Nitrite; Nitrate; Inositol phosphate; Aniline; Epigallocatechin gallate; Chlorogenic acid; Thromboxane B2; Menthol; Nitric oxide; Pectin; Chitosan; Beta-D-Galactose; Carbonic acid; 19-Oxotestosterone; 11b-Hydroxyprogesterone; Melanin","<a href=""http://www.hmdb.ca"" target=""_blank""><u>HMDB</u></a>",NA
"7","hMSEA6007","Blood Vessel","Cyclic GMP","<a href=""http://www.hmdb.ca"" target=""_blank""><u>HMDB</u></a>",NA
"8","hMSEA6008","Bone","Boron","<a href=""http://www.hmdb.ca"" target=""_blank""><u>HMDB</u></a>",NA
"9","hMSEA6009","Bone Marrow","Deoxyuridine; Bilirubin; Glucosylsphingosine; Neopterin; 1-Methylhistamine; Pyrocatechol; Formaldehyde; Benzene; Hydroquinone; Quinone; Glucosylceramide (d18:1/12:0); Glucosylceramide (d18:1/9Z-18:1); Glucosylceramide (d18:1/16:0); Glucosylceramide (d18:1/18:0); Glucosylceramide (d18:1/20:0); Glucosylceramide (d18:1/22:0); Glucosylceramide (d18:1/24:1(15Z)); Glucosylceramide (d18:1/26:1(17Z)); Glucosylceramide (d18:1/26:0); Glucosylceramide (d18:1/24:0); Glucosylceramide (d18:1/25:0)","<a href=""http://www.hmdb.ca"" target=""_blank""><u>HMDB</u></a>",NA
"10","hMSEA6010","Brain","Pregnenolone; Gamma-Aminobutyric acid; Normetanephrine; Glucosylsphingosine; Pyrocatechol; Ganglioside GM3; 7-Dehydrocholesterol; NAD; Lactosylceramide; N-Acetylneuraminic acid; 3,4-Dihydroxyphenylglycol; Tyramine; 6-Hydroxydopamine; Ganglioside GD3; Manganese; N-Acetyl-L-aspartic acid; Myoinositol; Prostaglandin I2; NADH; Phenylephrine; Inositol phosphate; Dehydroascorbic acid; Glucosylceramide; 1-Methylhistamine; 3,5-Diiodothyronine; Agmatine; Aspartame; Dimethyl sulfone; Donepezil; Gabapentin; Gamma-Aminobutyryl-lysine; Homocarnosine; Hydroxykynurenine; L-Cystathionine; Lanthionine ketimine; Methylimidazoleacetic acid; Molybdenum; Pi-Methylimidazoleacetic acid; Sumatriptan; Topiramate; 3-Nitrotyrosine; Sulfide; Homovanillic acid; L-Kynurenine; Indoleacetic acid; N-Methyl-D-aspartic acid; Vanylglycol; Quinolinic acid; Loratadine; Cotinine; Hydrogen sulfide; Spermidine; Putrescine; Kynurenic acid; Phosphorylcholine; Octanol; Biopterin; Prostaglandin E2; Galactitol; Thiamine pyrophosphate; Inosine; Tetrahexosylceramide; Copper; Selenium; Citicoline; Folic acid; SM(d18:1/18:0); 5alpha-Cholestanol; Carnosine; Pyridine; Ganglioside GM1; Galactosylsphingosine; 27-Hydroxycholesterol; Testosterone; L(-)-Nicotine pestanal; Galabiosylceramide; Malonyl-CoA semialdehyde; Testosterone sulfate; Testosterone decanoate; Testosterone glucuronide; Testosterone undecanoic acid; 3,4-Dihydroxybenzeneacetic acid; Tryptamine; Desmosterol; 2-Amino-3-carboxymuconic acid semialdehyde; 3-Methoxy-4-Hydroxyphenylglycol sulfate; Guanidoacetic acid; Coenzyme Q10; Trihexosylceramide; Phosphorus; 3-O-Sulfogalactosylceramide (d18:1/24:0); Adenosine 3',5'-diphosphate; Bupropion; D-Galactose; Glycerylphosphorylethanolamine; Lamotrigine; Methylguanidine; Olanzapine; Quetiapine; Valproic acid; Venlafaxine; Prostaglandin D2; 3-Hydroxybutyric acid; Valproic acid glucuronide; Citalopram; Sertraline; Fluorine; Anserine; L-Acetylcarnitine; (S)-3-Hydroxybutyric acid; Acetyl-CoA; 2-Pyrrolidinone; Ganglioside GA2; N-Glycoloylganglioside GM2; N,N'-Diglycoloylganglioside GD3; Scopolamine; Sulfite; 5-Hydroxy-L-tryptophan; Cetirizine; Fexofenadine; Mannitol; Pyroglutamic acid","<a href=""http://www.hmdb.ca"" target=""_blank""><u>HMDB</u></a>",NA
"11","hMSEA6011","Cartilage","Homogentisic acid; Chondroitin sulfate; Sulfide; Chondroitin; Dermatan; Pyridinoline; Keratan; dADP; Glucosamine; Guanidine; Erythrose","<a href=""http://www.hmdb.ca"" target=""_blank""><u>HMDB</u></a>",NA
"12","hMSEA6012","Caudate Nucleus","Homovanillic acid","<a href=""http://www.hmdb.ca"" target=""_blank""><u>HMDB</u></a>",NA
"13","hMSEA6013","Central Nervous System","Manganese; Homovanillic acid; L-Kynurenine; Indoleacetic acid; N-Methyl-D-aspartic acid; Vanylglycol; Quinolinic acid; Loratadine; Loperamide","<a href=""http://www.hmdb.ca"" target=""_blank""><u>HMDB</u></a>",NA
"14","hMSEA6014","Cerebral Cortex","D-1-Piperideine-2-carboxylic acid","<a href=""http://www.hmdb.ca"" target=""_blank""><u>HMDB</u></a>",NA
"15","hMSEA6015","Colon","Methanethiol; Hydrogen sulfide","<a href=""http://www.hmdb.ca"" target=""_blank""><u>HMDB</u></a>",NA
"16","hMSEA6016","Connective Tissue","Homogentisic acid; Dermatan","<a href=""http://www.hmdb.ca"" target=""_blank""><u>HMDB</u></a>",NA
"17","hMSEA6017","Dermis","Melanin","<a href=""http://www.hmdb.ca"" target=""_blank""><u>HMDB</u></a>",NA
"18","hMSEA6018","Endoplasmic Reticulum","17-Hydroxyprogesterone; 17a-Hydroxypregnenolone; 19-Oxotestosterone; 4,4-Dimethylcholesta-8,14,24-trienol; 6-Phosphogluconic acid; 7a-Hydroxy-cholestene-3-one; Androstanedione; Cholesterol sulfate; Cortisone; Dehydroepiandrosterone; Desmosterol; Epiandrosterone; Estradiol; Estriol; Estrone; Glucose 6-phosphate; Lathosterol; Leukotriene; N6,N6,N6-Trimethyl-L-lysine; Pregnenolone sulfate; Progesterone; Prostaglandin H2; Prostaglandin I2; Sphinganine; Squalene; Testosterone; UDP-D-Xylose; Uridine diphosphate glucose; Uridine diphosphate glucuronic acid; Acetyl-CoA; D-Glucuronic acid; Methanol; 27-Hydroxycholesterol; Carbamoylphosphate; Corticosterone; Glutathione; Hydroxyproline; Pregnenolone; S-Adenosylhomocysteine; S-Adenosylmethionine; Pyrophosphate; 3-Hydroxy-3-methylglutaryl-CoA; FAD; L-Acetylcarnitine; NADH; Succinic acid; 3a,7a,12a-Trihydroxy-5b-cholestanoyl-CoA; Farnesyl pyrophosphate; Mevalonic acid; 7-Dehydrocholesterol; Androstenedione; Cortisol; Deoxycorticosterone","<a href=""http://www.hmdb.ca"" target=""_blank""><u>HMDB</u></a>",NA
"19","hMSEA6019","Epidermis","p-Hydroxyphenylacetic acid; Betaine; Ascorbic acid; Creatine; Epinephrine; Dopamine; Dehydroepiandrosterone; Choline; Ethanol; Gamma-Aminobutyric acid; Glycolic acid; D-Glucose; Glycine; Glycerol; Guanine; Formic acid; L-Glutamic acid; Ethanolamine; Estradiol; Hypoxanthine; D-Mannose; L-Dopa; Oleic acid; N-Acetylgalactosamine; Norepinephrine; Palmitic acid; Phenol; Propionic acid; Protoporphyrin IX; Pyrophosphate; Taurine; Sphingosine; Squalene; Thiosulfate; Sucrose; Serotonin; Liothyronine; Sphinganine; Thymidine; D-Ribose; Uric acid; Vanillylmandelic acid; Xanthine; Vitamin A; 2-Amino-3-phosphonopropionic acid; Biopterin; Butanone; Caprylic acid; Capric acid; L-Arginine; B-Carotene; L-Cysteine; Glucosylsphingosine; Cyanocobalamin; Chondroitin; Dodecanoic acid; L-Glutamine; Cholesterol sulfate; Linoleic acid; L-Kynurenine; L-Leucine; Heparan sulfate; Kynurenic acid; Indole; Hydroxyphenyllactic acid; Glycogen; Pterin; Myristic acid; Phosphoglycolic acid; Stearic acid; Neuraminic acid; Pelargonic acid; Isopropyl alcohol; Vitamin D3; Xanthurenic acid; L-Valine; Valeric acid; NAD; Citrulline; Trimethylamine; CE(18:1(9Z)); Trimethylamine N-oxide; Pyridine; trans-Ferulic acid; Trehalose; Acetaldehyde; UDP-D-Xylose; Arachidonic acid; 2-Aminobenzoic acid; Prostaglandin F2a; 5-Aminolevulinic acid; Keratan; 4-Aminophenol; Octanol; S-Adenosylmethionine; Deoxyuridine triphosphate; Betaine aldehyde; QH2; D-Lactic acid; 6-Phosphogluconic acid; Leukotriene A4; Retinal; Purine; Alpha-Linolenic acid; Heparin; Guanosine monophosphate; Niacinamide; 3-Hydroxyanthranilic acid; Nicotinic acid; Gamma-Tocopherol; Nicotine-1'-N-oxide; Inositol 1,4,5-trisphosphate; dADP; Glucosamine; Imidazole; Formamide; N-Acetyllactosamine; Corticosterone; Phosphorylcholine; Acetone; DL-O-Phosphoserine; Tetrahydrofolic acid; Verapamil; All-trans-retinoic acid; Benzoic acid; Methanol; Propylene glycol; Dihydroxyacetone; Theophylline; Alpha-Tocopherol; Calcitriol; 3-Nitrotyrosine; Ibuprofen; 17a-Ethynylestradiol; Caffeic acid; Vasopressin; Eicosapentaenoic acid; Methionine sulfoxide; 2-Pyrrolidinone; Docosahexaenoic acid; 4a-Carbinolamine tetrahydrobiopterin; Primapterin; Cadaverine; Oxalic acid; Octadecanol; Hydroquinone; Nandrolone; Androsterone sulfate; Cortisone; Alloxan; Nitrate; Delta-Tocopherol; 8,11,14-Eicosatrienoic acid; Naringin; Erythritol; Lycopene; Aniline; Isoacitretin; Gamma-Linolenic acid; Retinoyl b-glucuronide; 2,3-Butanediol; Genistein; Lutein; Thromboxane B2; Oxidized glutathione; Hydroxylamine; D-Glutamic acid; Alpha-D-Glucose; Menthol; D-Limonene; Pectin; Chitosan; D-Serine; D-Arginine; Beta-D-Galactose; Carbonic acid; Calcidiol; Scopolamine; Retinyl ester; Retinyl palmitate; Alpha-Pinene-oxide; 19-Oxotestosterone; 11b-Hydroxyprogesterone; 22b-Hydroxycholesterol; L-Allothreonine; Melanin; Pantothenol; Farnesol; 1-Butanol; Eucalyptol; Estrone glucuronide; Phytosphingosine; 11,12-Epoxyeicosatrienoic acid; Hepoxilin A3; Hepoxilin B3; Ganglioside GM3 (d18:1/12:0); Ganglioside GM3 (d18:1/9Z-18:1); Ganglioside GM3 (d18:1/16:0); Ganglioside GM3 (d18:1/18:0); Ganglioside GM3 (d18:1/20:0); Ganglioside GM3 (d18:1/22:0); Ganglioside GM3 (d18:1/24:1(15Z)); Ganglioside GM3 (d18:1/26:1(17Z))); Ganglioside GM3 (d18:1/26:0); Ganglioside GM3 (d18:1/24:0); Ganglioside GM3 (d18:1/25:0); Ceramide (d18:1/12:0); Ceramide (d18:1/9Z-18:1); Ceramide (d18:1/16:0); Ceramide (d18:1/18:0); Ceramide (d18:1/20:0); Ceramide (d18:1/22:0); Cer(d18:1/24:1(15Z)); Cer(d18:1/26:0); Ceramide (d18:1/24:0); Ceramide (d18:1/25:0)","<a href=""http://www.hmdb.ca"" target=""_blank""><u>HMDB</u></a>",NA
"20","hMSEA6020","Epithelium","Lipoxin A4","<a href=""http://www.hmdb.ca"" target=""_blank""><u>HMDB</u></a>",NA
"21","hMSEA6021","Erythrocyte","4-Pyridoxic acid; Dehydroascorbic acid; Spermidine; Putrescine; Galactitol; Thiamine pyrophosphate; Inosine; Tetrahexosylceramide; Citicoline; Folic acid; SM(d18:1/18:0); Eicosapentaenoic acid; Inosine triphosphate; Pyridoxine; Hemin; Flavin Mononucleotide; Phosphoribosyl pyrophosphate; Deoxycholic acid; Cobalamin; Pyridoxal; Chromium; Riboflavin; Pyridoxal 5'-phosphate; Porphobilinogen; FAD; 1,1-Dimethylbiguanide; dATP; 2,3-Diphosphoglyceric acid; Phosphatidylserine; Galactose 1-phosphate; D-Xylose; 5-Methoxysalicylic acid; Eicosenoic acid; Galactonic acid","<a href=""http://www.hmdb.ca"" target=""_blank""><u>HMDB</u></a>",NA
"22","hMSEA6022","Fibroblasts","Ursodeoxycholic acid; Gamma-Aminobutyric acid; 2,3-Butanediol; 22b-Hydroxycholesterol; Glucosylsphingosine; Ganglioside GM3; 7-Dehydrocholesterol; NAD; Lactosylceramide; Hexacosanoic acid; 3-Hydroxy-3-methylglutaryl-CoA; Glucose 6-phosphate; Malic acid; Dolichol-20; Tyramine; 6-Hydroxydopamine; Prostaglandin E1; N-Acetyl-L-aspartic acid; Myoinositol; Prostaglandin I2; NADH; Pyridinoline; Oxalic acid; Xanthine; Benzoic acid; Palmitic acid; 5-Aminolevulinic acid; Glycolic acid; Chlorogenic acid; Catechin; Epigallocatechin gallate; Niacinamide; N5-Formyl-H4F; Hematoporphyrin IX; Hydroquinone; Quinone; 3-Nitrotyrosine; Homovanillic acid; L-Kynurenine; Indoleacetic acid; N-Methyl-D-aspartic acid; Spermidine; Putrescine; Kynurenic acid; Phosphorylcholine; Octanol; Biopterin; Prostaglandin E2; Thiamine pyrophosphate; Inosine; Tetrahexosylceramide; 5alpha-Cholestanol; Carnosine; Pyridine; Ganglioside GM1; Galactosylsphingosine; 27-Hydroxycholesterol; Glucosamine; Keratan; Chondroitin; dADP; Retinyl palmitate; Squalene; Methanethiol; Lipoxin A4; Eicosapentaenoic acid; 2-Aminobenzoic acid; 6-Phosphogluconic acid; L-Valine; Naringin; Cardiolipin; Farnesol; GDP-L-fucose; Guanine; Indole; Pyrophosphate; 1-Butanol; Trehalose; Pterin; Hydroxylamine; 1,2-Diacyl-glycerophospholipid; Thymine; Phosphoribosyl pyrophosphate; Deoxycholic acid; Cobalamin; Pyridoxal; 1-Hexadecanol; 2-Hydroxyphytanoyl-CoA; 3-(3,4-Dihydroxyphenyl)lactic acid; 3-Hydroxyisovaleric acid; 3-Methylcrotonylglycine; 4-Hydroxycinnamic acid; 5-Methylcytosine; 5-Thymidylic acid; a-Methylbutyryl-CoA; Acetoacetyl-CoA; D-Arabitol; Beta-Aminopropionitrile; Butyryl-CoA; Butyrylcarnitine; D-Ribulose; D-Sedoheptulose 7-phosphate; D-Xylulose; Delphinidin; Deoxyribose; Elaidic acid; Ellagic acid; Glucose 1-phosphate; Iduronic acid; Isobutyric acid; L-Histidinol; Lauroyl-CoA; Molybdopterin; Octacosanoic acid; Octanoyl-CoA; L-Octanoylcarnitine; p-Cresol; Phosphonoacetate; Phytol; Propyl alcohol; Rosmarinic acid; Tetracosanoic acid; Tetradecanoyl-CoA ; Progesterone; D-Glutamic acid; Acetylcysteine; Taurocholic acid; SAICAR; Butyric acid; Retinoyl b-glucuronide; Sphinganine; Beta-Sitosterol; D-Ornithine; Isorhamnetin; p-Aminobenzoic acid; 2-Amino-3-phosphonopropionic acid; Mannose 6-phosphate; Methane; Phloretin; Epicatechin; Berberine; Chitin; Cyanidin; Pyruvaldehyde; Dihydrouracil; Menadione; Thromboxane; D-Glyceraldehyde 3-phosphate; Triphosphate; Selenomethionine; Selenocysteine; Chenodeoxycholic acid; Dodecanoylcarnitine; Glutaryl-CoA; Glycocholic acid; Naringenin; Mevalonic acid; Acetoacetic acid; Malonyl-CoA; Phytanic acid; Sulfite; N-Acetylmannosamine; Maleic acid; L-Methionine; 5-Aminoimidazole-4-carboxamide; Methylcobalamin; Pristanic acid; L-Tryptophan; Dimethylamine; Gamma-Glutamylcysteine; Adenosine phosphosulfate; Dyspropterin; Flavone; 5'-Methylthioadenosine; Docosapentaenoic acid; Sphingosine 1-phosphate; Terephthalic acid; Coenzyme A; Ethylmalonic acid; Hypotaurine; trans-Ferulic acid; Protocatechuic acid; 5a-Pregnane-3,20-dione","<a href=""http://www.hmdb.ca"" target=""_blank""><u>HMDB</u></a>",NA
"23","hMSEA6023","Gallbladder","1b-Hydroxycholic acid; 3b,4b,7a,12a-Tetrahydroxy-5b-cholanoic acid; 3a,7a,12b-Trihydroxy-5b-cholanoic acid; 2b,3a,7a,12a-Tetrahydroxy-5b-cholanoic acid; 3a,4b,7a-Trihydroxy-5b-cholanoic acid; 1b,3a,12a-Trihydroxy-5b-cholanoic acid; 3a,4b,12a-Trihydroxy-5b-cholanoic acid; 3a,7b,12a-Trihydroxyoxocholanyl-Glycine; 3a,7a,12a,19-Tetrahydroxy-5b-cholanoic acid; 3b,12a-Dihydroxy-5a-cholanoic acid; 3b,7a-Dihydroxy-5b-cholanoic acid; 3a,6a,7b-Trihydroxy-5b-cholanoic acid; 3a,6b,7b,12a-Tetrahydroxy-5b-cholanoic acid; 1,3,12-Trihydroxycholan-24-oic acid; 3b,7a,12a-Trihydroxy-5a-Cholanoic acid; 3a,6b,7b,12b-Tetrahydroxy-5b-cholanoic acid; Allolithocholic acid; 3a,7a-Dihydroxycholanoic acid; 12a-Hydroxy-3-oxocholadienic acid; 3a,7b,12b-Trihydroxy-5b-cholanoic acid; 7-Ketodeoxycholic acid; 3b,7b,12a-Trihydroxy-5b-cholanoic acid; 3a,6b,7a,12a-Tetrahydroxy-5b-cholanoic acid; 3,7-Dihydroxy-12-oxocholanoic acid; 2b,3a,7a-Trihydroxy-5b-cholanoic acid; 3a,12b-Dihydroxy-5b-cholanoic acid; 1b,3a,7a-Trihydroxy-5b-cholanoic acid; 3a,6b,7b-Trihydroxy-5b-cholanoic acid; 3b,7a,12a-Trihydroxy-5b-cholanoic acid; 3b,7b,12a-Trihydroxy-5a-Cholanoic acid; 3a,7b,12a-Trihydroxy-5a-Cholanoic acid; 1,3,7,12-Tetrahydroxycholan-24-oic acid; 3a,4b,7a,12a-Tetrahydroxy-5b-cholanoic acid; 3b,12a-Dihydroxy-5b-cholanoic acid; 7-Hydroxy-3-oxocholanoic acid; Nutriacholic acid; 3-Oxo-4,6-choladienoic acid; Allodeoxycholic acid; 3-Oxocholic acid; Allocholic acid; Alpha-Muricholic acid; Allochenodeoxycholic acid; 6a,12a-Dihydroxylithocholic acid; 7b-Hydroxy-3-oxo-5b-cholanoic acid; Chenodeoxycholic acid disulfate; Coprocholic acid; Isohyodeoxycholic acid; Isoursodeoxycholic acid; Lithocholic acid glycine conjugate; Glycoursodeoxycholic acid; Isoallolithocholic acid; Isolithocholic acid; Lithocholyltaurine; Hyodeoxycholic acid; Hyocholic acid; Murocholic acid; Muricholic acid; Tauroursodeoxycholic acid; Tauroursocholic acid; Ursocholic acid; Cholestenone; Taurallocholic acid; Tauro-b-muricholic acid; N-[(3a,5b,7a,12a)-3,12-dihydroxy-24-oxo-7-(sulfooxy)cholan-24-yl]-Glycine; Ursodeoxycholic acid 3-sulfate; N-[(3a,5b,7a,12a)-3,7-dihydroxy-24-oxo-12-(sulfooxy)cholan-24-yl]-Glycine","<a href=""http://www.hmdb.ca"" target=""_blank""><u>HMDB</u></a>",NA
"24","hMSEA6024","Golgi Apparatus","UDP-D-Xylose; Uridine diphosphate glucose; Uridine diphosphate glucuronic acid; Acetyl-CoA; Adenosine 3',5'-diphosphate; GDP-L-fucose; Phosphoadenosine phosphosulfate; Uridine diphosphate-N-acetylglucosamine; Uridine diphosphategalactose; N-Acetyl-a-D-galactosamine; N-Acetylgalactosamine; Acetic acid; Cyclic GMP; Galabiosylceramide","<a href=""http://www.hmdb.ca"" target=""_blank""><u>HMDB</u></a>",NA
"25","hMSEA6025","Gonad","Betaine; Ascorbic acid; Androstenedione; Cortisol; Epinephrine; Dehydroepiandrosterone; Ethanol; D-Glucose; Estradiol; Norepinephrine; Testosterone; Thyroxine; Pregnenolone; L-Arginine; Cyanocobalamin; Epitestosterone; Pregnenolone sulfate; Neuraminic acid; Vitamin D3; Ergocalciferol; Acetaldehyde; Lathosterol; S-Adenosylmethionine; Melatonin; Estrone sulfate; Formaldehyde; Corticosterone; Progesterone; Calcitriol; 17a-Ethynylestradiol; Octadecanol; Androsterone sulfate; Oxytocin; Dihydrotestosterone; 11-Hydroxyandrosterone; Lutein; Diacetyl; Beta-D-Galactose; Calcidiol; 19-Oxotestosterone; 11b-Hydroxyprogesterone; Estrone glucuronide","<a href=""http://www.hmdb.ca"" target=""_blank""><u>HMDB</u></a>",NA
"26","hMSEA6026","Hair","Magnesium; Sulfide; Chromium; Copper; Cotinine; Manganese; Selenium; Nicotine-1'-N-oxide; Methanol; L(-)-Nicotine; Nandrolone; Dihydrotestosterone; Melanin; Codeine","<a href=""http://www.hmdb.ca"" target=""_blank""><u>HMDB</u></a>",NA
"27","hMSEA6027","Heart","Guanosine monophosphate; Galabiosylceramide; Malonyl-CoA semialdehyde; Cardiolipin; Riboflavin; Mevalonic acid-5P; cis-4-Decenoic acid; trans-4-Decenoic acid","<a href=""http://www.hmdb.ca"" target=""_blank""><u>HMDB</u></a>",NA
"28","hMSEA6028","Hepatocyte","Taurocholic acid","<a href=""http://www.hmdb.ca"" target=""_blank""><u>HMDB</u></a>",NA
"29","hMSEA6029","Hippocampus","Gamma-Aminobutyric acid; N-Acetyl-L-aspartic acid; Indoleacetic acid","<a href=""http://www.hmdb.ca"" target=""_blank""><u>HMDB</u></a>",NA
"30","hMSEA6030","Hypothalamus","Indoleacetic acid; Testosterone; Serotonin; 5-Hydroxyindoleacetic acid; 3,4-Dihydroxybenzeneacetic acid; Vanylglycol; Corticosterone; Digoxin; Testosterone sulfate; Oxytocin; Testosterone glucuronide; 19-Oxotestosterone","<a href=""http://www.hmdb.ca"" target=""_blank""><u>HMDB</u></a>",NA
"31","hMSEA6031","Intestine","Deoxyuridine; Androsterone; Carnosine; Taurocholic acid; Aldosterone; Butyric acid; Betaine; Ascorbic acid; Bilirubin; Cellobiose; L-Carnitine; Cortisol; Creatine; Epinephrine; Choline; Ethanol; D-Glucose; Glycine; Fructose 6-phosphate; Guanine; L-Glutamic acid; Hypoxanthine; D-Mannose; L-Fucose; L-Dopa; Alpha-Lactose; Inosine; Oleic acid; myo-Inositol; N-Acetylgalactosamine; N-Acetyl-D-glucosamine; Norepinephrine; Phenol; Thiamine; Propionic acid; Protoporphyrin IX; Thyroxine; Pyrophosphate; Taurine; Sphingosine; Sucrose; Serotonin; Liothyronine; Sphinganine; Thymidine; Uric acid; Xanthine; Tryptamine; Vitamin A; Tyramine; 1b-Hydroxycholic acid; 3b,4b,7a,12a-Tetrahydroxy-5b-cholanoic acid; 3a,7a,12b-Trihydroxy-5b-cholanoic acid; 2b,3a,7a,12a-Tetrahydroxy-5b-cholanoic acid; 3a,4b,7a-Trihydroxy-5b-cholanoic acid; 1b,3a,12a-Trihydroxy-5b-cholanoic acid; 3a,4b,12a-Trihydroxy-5b-cholanoic acid; 3a,7b,12a-Trihydroxyoxocholanyl-Glycine; 3a,7a,12a,19-Tetrahydroxy-5b-cholanoic acid; 3b,12a-Dihydroxy-5a-cholanoic acid; 3b,7a-Dihydroxy-5b-cholanoic acid; 3a,6a,7b-Trihydroxy-5b-cholanoic acid; 3a,6b,7b,12a-Tetrahydroxy-5b-cholanoic acid; 2-Amino-3-phosphonopropionic acid; 1,3,12-Trihydroxycholan-24-oic acid; 3b,7a,12a-Trihydroxy-5a-Cholanoic acid; 3a,6b,7b,12b-Tetrahydroxy-5b-cholanoic acid; Allolithocholic acid; 3a,7a-Dihydroxycholanoic acid; 12a-Hydroxy-3-oxocholadienic acid; 3a,7b,12b-Trihydroxy-5b-cholanoic acid; 7-Ketodeoxycholic acid; 3b,7b,12a-Trihydroxy-5b-cholanoic acid; 3a,6b,7a,12a-Tetrahydroxy-5b-cholanoic acid; 3,7-Dihydroxy-12-oxocholanoic acid; 2b,3a,7a-Trihydroxy-5b-cholanoic acid; 3a,12b-Dihydroxy-5b-cholanoic acid; 1b,3a,7a-Trihydroxy-5b-cholanoic acid; 3a,6b,7b-Trihydroxy-5b-cholanoic acid; 3b,7a,12a-Trihydroxy-5b-cholanoic acid; 3b,7b,12a-Trihydroxy-5a-Cholanoic acid; 3a,7b,12a-Trihydroxy-5a-Cholanoic acid; 1,3,7,12-Tetrahydroxycholan-24-oic acid; 3a,4b,7a,12a-Tetrahydroxy-5b-cholanoic acid; 3b,12a-Dihydroxy-5b-cholanoic acid; 7-Hydroxy-3-oxocholanoic acid; Nutriacholic acid; 3-Oxo-4,6-choladienoic acid; Allodeoxycholic acid; 3-Oxocholic acid; Allocholic acid; Alpha-Muricholic acid; Allochenodeoxycholic acid; L-Arginine; 6a,12a-Dihydroxylithocholic acid; Adenosine triphosphate; 7b-Hydroxy-3-oxo-5b-cholanoic acid; Chenodeoxycholic acid disulfate; B-Carotene; L-Cysteine; 5beta-Coprostanol; Coprocholic acid; Cyanocobalamin; Cholic acid; Deoxycholic acid; Dermatan; L-Glutamine; Copper; Isohyodeoxycholic acid; Homo-L-arginine; Linoleic acid; L-Kynurenine; Isoursodeoxycholic acid; L-Leucine; Heparan sulfate; Lithocholic acid glycine conjugate; Glycoursodeoxycholic acid; Isoallolithocholic acid; Isolithocholic acid; Lithocholyltaurine; Hyodeoxycholic acid; Indole; Lactulose; Homocysteine; Hyocholic acid; Lithocholic acid; SAICAR; Murocholic acid; Phosphoglycolic acid; Stearic acid; Neuraminic acid; Beta-Sitosterol; Muricholic acid; Histamine; Tauroursodeoxycholic acid; Vitamin D3; Tauroursocholic acid; Acetylcholine; Taurodeoxycholic acid; Ergocalciferol; Citrulline; Ursocholic acid; CE(18:1(9Z)); Taurallocholic acid; Pyridine; Tauro-b-muricholic acid; Ursodeoxycholic acid; Pyrocatechol; Acetaldehyde; N-Formyl-L-methionine; UDP-D-Xylose; N,N-Dimethylaniline; Arachidonic acid; Mannose 6-phosphate; GDP-L-fucose; Keratan; Lathosterol; Octanol; S-Adenosylmethionine; Leukotriene C4; 4-Nitrophenol; Spermine; Spermidine; Dehydroascorbic acid; L-Sorbose; 1-Pyrroline-5-carboxylic acid; D-Lactic acid; Oleoyl-CoA; Retinal; Purine; 3-Hydroxy-3-methylglutaryl-CoA; Alpha-Linolenic acid; Melatonin; p-Aminobenzoic acid; Heparin; Guanosine monophosphate; Citicoline; Estrone sulfate; Formaldehyde; Nicotinic acid; Gamma-Tocopherol; Glucosamine; N-Acetyllactosamine; Corticosterone; CDP-Ethanolamine; Phosphorylcholine; Guanidine; Tetrahydrofolic acid; Verapamil; All-trans-retinoic acid; Epicatechin; Methanol; Propylene glycol; Alpha-Tocopherol; Calcitriol; Alendronic acid; Ibuprofen; 17a-Ethynylestradiol; Ubiquinone-1; Cobalamin; Docosahexaenoic acid; Dimethylsulfide; Cadaverine; Oxalic acid; Octadecanol; N-[(3a,5b,7a,12a)-3,12-dihydroxy-24-oxo-7-(sulfooxy)cholan-24-yl]-Glycine; Ursodeoxycholic acid 3-sulfate; N-[(3a,5b,7a,12a)-3,7-dihydroxy-24-oxo-12-(sulfooxy)cholan-24-yl]-Glycine; Isorhamnetin; Methane; Fucoxanthin; Catechin; Nitrite; Cortisone; Nitrate; Lycopene; Leukotriene D4; Retinoyl b-glucuronide; 2,3-Butanediol; Genistein; Lutein; Hesperidin; Hydrogen sulfide; Phloretin; D-Glutamic acid; Alpha-D-Glucose; Chitin; D-Ornithine; Nitric oxide; Chitosan; D-Serine; Berberine; Beta-D-Galactose; Carbonic acid; Retinyl palmitate; Resveratrol; 19-Oxotestosterone; 11b-Hydroxyprogesterone; L-Allothreonine; Farnesol; Estrone glucuronide; Ceramide (d18:1/12:0); Ceramide (d18:1/9Z-18:1); Ceramide (d18:1/16:0); Ceramide (d18:1/18:0); Ceramide (d18:1/20:0); Ceramide (d18:1/22:0); Cer(d18:1/24:1(15Z)); Cer(d18:1/26:0); Ceramide (d18:1/24:0); Ceramide (d18:1/25:0)","<a href=""http://www.hmdb.ca"" target=""_blank""><u>HMDB</u></a>",NA
"32","hMSEA6032","Kidney","Pregnenolone; Gamma-Aminobutyric acid; Glucose 6-phosphate; Malic acid; 6-Hydroxydopamine; Cyclic GMP; Prostaglandin E1; Myoinositol; Prostaglandin I2; Phenylephrine; Inositol phosphate; Oxalic acid; Xanthine; Benzoic acid; Palmitic acid; 5-Aminolevulinic acid; p-Hydroxyphenylacetic acid; 4-Pyridoxic acid; Epigallocatechin gallate; Hydroquinone; Quinone; Boron; Homovanillic acid; N-Methyl-D-aspartic acid; Phosphorylcholine; Inosine; Tetrahexosylceramide; Copper; Selenium; Folic acid; Carnosine; Pyridine; Galabiosylceramide; Desmosterol; 2-Amino-3-carboxymuconic acid semialdehyde; 3-Methoxy-4-Hydroxyphenylglycol sulfate; Guanidoacetic acid; Coenzyme Q10; Trihexosylceramide; Phosphorus; 3-O-Sulfogalactosylceramide (d18:1/24:0); Homogentisic acid; Chondroitin; Cardiolipin; Farnesol; GDP-L-fucose; 1-Butanol; Trehalose; Estrone sulfate; Calcidiol; Urea; Hydroxyeicosatetraenoic acid; Pyridoxal; Riboflavin; Pyridoxal 5'-phosphate; Acetylcysteine; Butyric acid; Retinoyl b-glucuronide; Sphinganine; Beta-Sitosterol; Cyanidin; Pyruvaldehyde; Dihydrouracil; Menadione; Thromboxane; D-Glyceraldehyde 3-phosphate; Triphosphate; Selenomethionine; Selenocysteine; 3a,4b,12a-Trihydroxy-5b-cholanoic acid; 1,3,12-Trihydroxycholan-24-oic acid; 1,3,7,12-Tetrahydroxycholan-24-oic acid; 12a-Hydroxy-3-oxocholadienic acid; 1b,3a,7a-Trihydroxy-5b-cholanoic acid; 2b,3a,7a-Trihydroxy-5b-cholanoic acid; 3-Oxo-4,6-choladienoic acid; 3-Oxocholic acid; 3a,12b-Dihydroxy-5b-cholanoic acid; 3a,4b,7a,12a-Tetrahydroxy-5b-cholanoic acid; 3a,6a,7b-Trihydroxy-5b-cholanoic acid; 3a,6b,7a,12a-Tetrahydroxy-5b-cholanoic acid; 3a,6b,7b-Trihydroxy-5b-cholanoic acid; 3a,6b,7b,12a-Tetrahydroxy-5b-cholanoic acid; 3a,6b,7b,12b-Tetrahydroxy-5b-cholanoic acid; 3a,7a-Dihydroxycholanoic acid; 3a,7b,12a-Trihydroxy-5a-Cholanoic acid; 3a,7b,12a-Trihydroxyoxocholanyl-Glycine; 3a,7b,12b-Trihydroxy-5b-cholanoic acid; 3b,12a-Dihydroxy-5a-cholanoic acid; 3b,12a-Dihydroxy-5b-cholanoic acid; 3b,7a-Dihydroxy-5b-cholanoic acid; 3b,7a,12a-Trihydroxy-5a-Cholanoic acid; 3b,7a,12a-Trihydroxy-5b-cholanoic acid; 3b,7b,12a-Trihydroxy-5a-Cholanoic acid; 3b,7b,12a-Trihydroxy-5b-cholanoic acid; 6a,12a-Dihydroxylithocholic acid; 7-Hydroxy-3-oxocholanoic acid; 7-Ketodeoxycholic acid; 7b-Hydroxy-3-oxo-5b-cholanoic acid; Allochenodeoxycholic acid; Allocholic acid; Allodeoxycholic acid; Allolithocholic acid; Alpha-Muricholic acid; Chenodeoxycholic acid disulfate; Coprocholic acid; Hyocholic acid; Isoallolithocholic acid; Isohyodeoxycholic acid; Isoursodeoxycholic acid; Lithocholic acid glycine conjugate; Muricholic acid; Murocholic acid; Nutriacholic acid; Taurallocholic acid; Tauro-b-muricholic acid; Tauroursocholic acid; Tauroursodeoxycholic acid; Ursocholic acid; Hyodeoxycholic acid; Pregnenolone sulfate; Mevalonic acid-5P; Digoxin; Cholic acid; Argininosuccinic acid; Epietiocholanolone; Furosemide; Glutamylphenylalanine; Heptanoic acid; Nivalenol; Protopine; Symmetric dimethylarginine; 2'-Hydroxynicotine; 5'-Hydroxycotinine; Cotinine N-oxide; Cotinineglucuronide; Dihydroxycoprostanoic acid; Dimethyl-L-arginine; Dimethylglycine; Hippuric acid; Methylmalonic acid; N'-Hydroxymethylnorcotinine; Nicotine imine; Sulfolithocholic acid; trans-3-Hydroxycotinine glucuronide; 2-Methoxyestrone 3-glucuronide; Lipoic acid; 11-Dehydrocorticosterone; Deacetyldiltiazem; Phosphoadenosine phosphosulfate; Naproxen; Retinyl ester; 3-Hydroxymandelic acid; Campesterol; Indoxyl sulfate; Beta-Alanine; Deoxypyridinoline; Betaine aldehyde; 4-Aminohippuric acid; Lisinopril; Hydrochlorothiazide; Pravastatin; Cobalt; Desmosine","<a href=""http://www.hmdb.ca"" target=""_blank""><u>HMDB</u></a>",NA
"33","hMSEA6033","Large Intestine","Butyric acid","<a href=""http://www.hmdb.ca"" target=""_blank""><u>HMDB</u></a>",NA
"34","hMSEA6034","Lens","Oxalic acid; Galactitol; 5alpha-Cholestanol; Flavin Mononucleotide; Zeaxanthin; Pyruvaldehyde; Leukotriene C4","<a href=""http://www.hmdb.ca"" target=""_blank""><u>HMDB</u></a>",NA
"35","hMSEA6035","Leukocyte","Leukotriene C4; Cysteamine; 7-Methylguanin","<a href=""http://www.hmdb.ca"" target=""_blank""><u>HMDB</u></a>",NA
"36","hMSEA6036","Liver","Imidazole; Ursodeoxycholic acid; Glucosylsphingosine; Pyrocatechol; 7-Dehydrocholesterol; NAD; Glucose 6-phosphate; Tyramine; Prostaglandin E1; Manganese; Prostaglandin I2; Oxalic acid; Benzoic acid; Glycolic acid; 4-Pyridoxic acid; Epigallocatechin gallate; Glucosylceramide; Hydroquinone; Quinone; Benzene; Sulfide; L-Kynurenine; Indoleacetic acid; Cotinine; Spermidine; Putrescine; Phosphorylcholine; Biopterin; Tetrahexosylceramide; Copper; Selenium; Folic acid; SM(d18:1/18:0); 5alpha-Cholestanol; Carnosine; Pyridine; Malonyl-CoA semialdehyde; 2-Amino-3-carboxymuconic acid semialdehyde; 3-Methoxy-4-Hydroxyphenylglycol sulfate; Guanidoacetic acid; Coenzyme Q10; Trihexosylceramide; Phosphorus; Adenosine 3',5'-diphosphate; Bupropion; D-Galactose; Glycerylphosphorylethanolamine; Lamotrigine; Methylguanidine; Olanzapine; Quetiapine; Valproic acid; Venlafaxine; Prostaglandin D2; 3-Hydroxybutyric acid; Valproic acid glucuronide; Citalopram; Sertraline; Fluorine; Squalene; 1-Butanol; Pterin; Hydroxylamine; Estrone sulfate; Urea; Pyridoxine; Cobalamin; Chromium; Riboflavin; Pyridoxal 5'-phosphate; Porphobilinogen; FAD; 1,1-Dimethylbiguanide; Acetylcysteine; Taurocholic acid; Retinoyl b-glucuronide; Sphinganine; Beta-Sitosterol; D-Ornithine; Isorhamnetin; p-Aminobenzoic acid; 2-Amino-3-phosphonopropionic acid; Mannose 6-phosphate; Pyruvaldehyde; Dihydrouracil; Menadione; Chenodeoxycholic acid; Dodecanoylcarnitine; Glutaryl-CoA; Glycocholic acid; Naringenin; Mevalonic acid; Acetoacetic acid; Malonyl-CoA; Phytanic acid; Glycoursodeoxycholic acid; 1,3,12-Trihydroxycholan-24-oic acid; 1,3,7,12-Tetrahydroxycholan-24-oic acid; 12a-Hydroxy-3-oxocholadienic acid; 1b,3a,7a-Trihydroxy-5b-cholanoic acid; 2b,3a,7a-Trihydroxy-5b-cholanoic acid; 3-Oxo-4,6-choladienoic acid; 3-Oxocholic acid; 3a,12b-Dihydroxy-5b-cholanoic acid; 3a,4b,7a,12a-Tetrahydroxy-5b-cholanoic acid; 3a,6a,7b-Trihydroxy-5b-cholanoic acid; 3a,6b,7a,12a-Tetrahydroxy-5b-cholanoic acid; 3a,6b,7b-Trihydroxy-5b-cholanoic acid; 3a,6b,7b,12a-Tetrahydroxy-5b-cholanoic acid; 3a,6b,7b,12b-Tetrahydroxy-5b-cholanoic acid; 3a,7a-Dihydroxycholanoic acid; 3a,7b,12a-Trihydroxy-5a-Cholanoic acid; 3a,7b,12a-Trihydroxyoxocholanyl-Glycine; 3a,7b,12b-Trihydroxy-5b-cholanoic acid; 3b,12a-Dihydroxy-5a-cholanoic acid; 3b,12a-Dihydroxy-5b-cholanoic acid; 3b,7a-Dihydroxy-5b-cholanoic acid; 3b,7a,12a-Trihydroxy-5a-Cholanoic acid; 3b,7a,12a-Trihydroxy-5b-cholanoic acid; 3b,7b,12a-Trihydroxy-5a-Cholanoic acid; 3b,7b,12a-Trihydroxy-5b-cholanoic acid; 6a,12a-Dihydroxylithocholic acid; 7-Hydroxy-3-oxocholanoic acid; 7-Ketodeoxycholic acid; 7b-Hydroxy-3-oxo-5b-cholanoic acid; Allochenodeoxycholic acid; Allocholic acid; Allodeoxycholic acid; Allolithocholic acid; Alpha-Muricholic acid; Chenodeoxycholic acid disulfate; Coprocholic acid; Hyocholic acid; Isoallolithocholic acid; Isohyodeoxycholic acid; Isoursodeoxycholic acid; Lithocholic acid glycine conjugate; Muricholic acid; Murocholic acid; Nutriacholic acid; Taurallocholic acid; Tauro-b-muricholic acid; Tauroursocholic acid; Tauroursodeoxycholic acid; Ursocholic acid; Hyodeoxycholic acid; 3,7-Dihydroxy-12-oxocholanoic acid; Pipecolic acid; Ornithine; Mevalonic acid-5P; cis-4-Decenoic acid; trans-4-Decenoic acid; Digoxin; Cholic acid; Lithocholic acid; Oleic acid; 4-Nitrophenol; 2'-Hydroxynicotine; 5'-Hydroxycotinine; Cotinine N-oxide; Cotinineglucuronide; Dihydroxycoprostanoic acid; Dimethyl-L-arginine; Dimethylglycine; Hippuric acid; Methylmalonic acid; N'-Hydroxymethylnorcotinine; Nicotine imine; Sulfolithocholic acid; trans-3-Hydroxycotinine glucuronide; 2-Methoxyestrone 3-glucuronide; Lipoic acid; 11-Dehydrocorticosterone; Deacetyldiltiazem; Phosphoadenosine phosphosulfate; Naproxen; Retinyl ester; 3-Hydroxymandelic acid; 2-Octenoic acid; 3a,7a,12a-Trihydroxy-5b-cholestanoyl-CoA; 4-Aminobutyraldehyde; 4-Hydroxy-L-glutamic acid; 5-Aminopentanoic acid; 7a-Hydroxy-3-oxo-5b-cholanoic acid; 7a-Hydroxy-cholestene-3-one; Alpha-Carotene; Cinnamic acid; Coproporphyrin; Cotinine methonium ion; Crotonoyl-CoA; D-Glucuronic acid; Dihydrofolic acid; Estrone; Etioporphyrin III; Glucaric acid; Harderoporphyrin; Heptacarboxylporphyrin; Hexacarboxylporphyrin; Hexadecanedioic acid mono-L-carnitine ester; Hydroxycotinine; L-Pipecolic acid; Lansoprazole; Metoprolol; N-Acetyl-9-O-lactoylneuraminic acid; N-Acetylglutamic acid; Ondansetron; Oxalacetic acid; Oxycodone; Pentacarboxylporphyrin I; Phthalic acid; Pioglitazone; Pristanoyl-CoA; Propranolol; Trihydroxycoprostanoic acid; Uridine diphosphate glucuronic acid; Uroporphyrin; Zolpidem; Ubiquinone Q1; Uridine diphosphate-N-acetylglucosamine; Orotic acid; Myo-inositol hexakisphosphate; 16-Oxoestrone; Protoporphyrinogen IX; Atorvastatin; Clopidogrel; Thymol; Uridine diphosphate glucose; Salicylic acid; Urocanic acid; Sildenafil; D-Fructose; Deoxyadenosine monophosphate; Pregnanediol; Dodecanoic acid","<a href=""http://www.hmdb.ca"" target=""_blank""><u>HMDB</u></a>",NA
"37","hMSEA6037","Lung","Aldosterone; Ascorbic acid; L-Carnitine; Ethanol; D-Glucose; D-Ribose; Acetylcholine; Arachidonic acid; Palmityl-CoA; Retinal; Heparin; Formaldehyde; Nicotine-1'-N-oxide; All-trans-retinoic acid; Nitrite; Nitrate; Thromboxane; Thromboxane B2; Nitric oxide; D-Serine","<a href=""http://www.hmdb.ca"" target=""_blank""><u>HMDB</u></a>",NA
"38","hMSEA6038","Lymph Node","Bilirubin; Sulfide; Genistein","<a href=""http://www.hmdb.ca"" target=""_blank""><u>HMDB</u></a>",NA
"39","hMSEA6039","Lymphoblast","S-Adenosylhomocysteine","<a href=""http://www.hmdb.ca"" target=""_blank""><u>HMDB</u></a>",NA
"40","hMSEA6040","Lymphocyte","3-Hydroxyanthranilic acid; Benzene; Coenzyme Q10; Chromium; dATP; Mevalonic acid; Acetoacetic acid; Sulfite; Ubiquinone Q1; (R)-Mevalonic acid-5-pyrophosphate","<a href=""http://www.hmdb.ca"" target=""_blank""><u>HMDB</u></a>",NA
"41","hMSEA6041","Lysosome","D-Glucuronic acid; Methanol; N-Acetyl-a-D-galactosamine; N-Acetylgalactosamine; Beta-D-Galactose; D-Galactose; Deoxyadenosine monophosphate; Glucosamine 6-phosphate; Iduronic acid; N-Acetyl-D-glucosamine; Pectin; 3-O-Sulfogalactosylceramide (d18:1/24:0); 5-Thymidylic acid; Adenosine; Dihydrofolic acid; Gamma-Aminobutyric acid; Tetrahydrofolic acid; Thymidine; Cytidine; Deoxycytidine; Formaldehyde; Glycine; N-Acetylneuraminic acid; Galabiosylceramide","<a href=""http://www.hmdb.ca"" target=""_blank""><u>HMDB</u></a>",NA
"42","hMSEA6042","Mast Cell","1-Methylhistamine; Prostaglandin D2","<a href=""http://www.hmdb.ca"" target=""_blank""><u>HMDB</u></a>",NA
"43","hMSEA6043","Membrane","QH2; 3-O-Sulfogalactosylceramide (d18:1/24:0); 2-Arachidonylglycerol; 2-Deoxygalactopyranose; 3-Hydroxyanthranilic acid; 5,8,11-Eicosatrienoic acid; Arabinofuranose; Beta-Sitosterol; CDP-DG(16:0/16:0); Ceramide (t18:0/16:0); Cholesterol Ester (CE); Diacylglycerol (DG); Galactosylceramide; Ganglioside; Glucosylceramide; Glucosylsphingosine; Isopropyl alcohol; Lactosylceramide; LysoSM; monoacylglycerol (MG); Muricholic acid; N-Glycoloylganglioside GM2; N,N'-Diglycoloylganglioside GD3; p-Hydroxymandelic acid; Palmitelaidic acid; Pelargonic acid; Phophatidylethanolamine (PE); Phosphatidic acid (PA); Phosphatidylcholine (PC); Phosphatidylglycerol; Phosphatidylserine (PS); PI; PIP; Resolvin E1; Sphingomyelin (SM or SPH); Taurodeoxycholic acid; Tauroursodeoxycholic acid; Tetrahexosylceramide; Tracylglycerol (TG); Trihexosylceramide; Ursocholic acid; Xanthurenic acid; Hepoxilin B3; 7-Dehydrocholesterol; Androstenedione; Cortisol; Deoxycorticosterone; Galabiosylceramide; 2-Hydroxyphytanoyl-CoA; N-Acetylneuraminic acid","<a href=""http://www.hmdb.ca"" target=""_blank""><u>HMDB</u></a>",NA
"44","hMSEA6044","Mitochondria","Acetyl-CoA; 27-Hydroxycholesterol; Carbamoylphosphate; Corticosterone; Glutathione; Hexadecanedioic acid mono-L-carnitine ester; Hydroxyproline; Pregnenolone; S-Adenosylhomocysteine; S-Adenosylmethionine; Pyrophosphate; 3-Hydroxy-3-methylglutaryl-CoA; FAD; L-Acetylcarnitine; NADH; Succinic acid; Acetic acid; QH2; 5-Thymidylic acid; Adenosine; Dihydrofolic acid; Gamma-Aminobutyric acid; Tetrahydrofolic acid; Thymidine; Cytidine; Deoxycytidine; Formaldehyde; Glycine; Hepoxilin B3; Cortisol; Deoxycorticosterone; 1-Pyrroline-5-carboxylic acid; 4-Hydroxycinnamic acid; 5-Aminolevulinic acid; 5-Hydroxyindoleacetic acid; 5,10-Methylene-THF; Agmatine; Alpha-ketoisovaleric acid; Aminoacetone; Betaine aldehyde; Butanal; Butyryl-CoA; Calcitriol; Carbonic acid; Citrulline; Coenzyme Q10; Coproporphyrin; D-Lactic acid; Dimethylglycine; Etioporphyrin III; Glucaric acid; Glutaryl-CoA; Glycerol; Glycyl-L-leucine; Harderoporphyrin; Heptacarboxylporphyrin I; Hexacarboxylporphyrin; Hydroxyphenyllactic acid; Indoleacetic acid; Ketoleucine; L-Glutamine; L-Leucine; L-Valine; Lipoamide; Malic acid; N-Acetyl-L-aspartic acid; N-Acetylglutamic acid; Ornithine; Pantothenic acid; Pentacarboxylporphyrin I; Phosphocreatine; Protoporphyrin IX; Protoporphyrinogen IX; Putrescine; Pyridoxal 5'-phosphate; Succinic acid semialdehyde; Succinyl-CoA; Sulfite; Thiamine; Thiamine pyrophosphate; Urea; Uroporphyrin; dADP; Deoxyuridine; Deoxyuridine triphosphate; Inosine triphosphate; Nicotinamide ribotide; Acetoacetyl-CoA; Crotonoyl-CoA; Glycolic acid; Glyoxylic acid; Isocitric acid; Malonyl-CoA; Oxalacetic acid; Pyruvic acid; Sarcosine; Stearoyl-CoA; Cytidine triphosphate","<a href=""http://www.hmdb.ca"" target=""_blank""><u>HMDB</u></a>",NA
"45","hMSEA6045","Mouth","Ethanol; D-Glucose; Sucrose; Nicotine-1'-N-oxide; Octadecanol; Menthol","<a href=""http://www.hmdb.ca"" target=""_blank""><u>HMDB</u></a>",NA
"46","hMSEA6046","Muscle","1-Methylhistidine; Deoxyuridine; Carnosine; Aldosterone; Butyric acid; Ascorbic acid; Androstenedione; Bilirubin; Beta-Alanine; L-Carnitine; Cortisol; Creatine; Epinephrine; Dopamine; Dehydroepiandrosterone; Choline; Ethanol; Gamma-Aminobutyric acid; D-Glucose; Glycerol; Guanine; L-Glutamic acid; Estradiol; Hypoxanthine; D-Mannose; Maleic acid; L-Dopa; Alpha-Lactose; Anserine; L-Acetylcarnitine; Oleic acid; N-Acetylgalactosamine; Norepinephrine; Phenol; Testosterone; Thiamine; Propionic acid; Pyruvic acid; Thyroxine; Taurine; Sphingosine; Succinic acid; Sucrose; Serotonin; Sarcosine; Thymidine; Uric acid; Uridine diphosphate-N-acetylglucosamine; Uridine diphosphate-N-acetylgalactosamine; (S)-3-Hydroxybutyric acid; 3-Methylhistidine; L-Arginine; Adenosine triphosphate; Magnesium; Creatinine; Deoxypyridinoline; L-Cysteine; Cyanocobalamin; Cytosine; L-Glutamine; Linoleic acid; Indoxyl sulfate; L-Leucine; Heparan sulfate; Ketoleucine; L-Methionine; 4-Hydroxyproline; Homocysteine; Glycogen; Stearic acid; Neuraminic acid; Histamine; Acetylcholine; Ergocalciferol; Trimethylamine; Ursodeoxycholic acid; Trehalose; Acetaldehyde; Succinyl-CoA; Arachidonic acid; Coenzyme Q10; D-Glyceraldehyde 3-phosphate; Dimethylallylpyrophosphate; N-Acetylmannosamine; Lathosterol; Malonyl-CoA; Octanol; S-Adenosylmethionine; Deoxyuridine triphosphate; Acetyl-CoA; FAD; Spermine; L-Sorbose; QH2; D-Lactic acid; Palmityl-CoA; Selenium; Retinal; Purine; Alpha-Linolenic acid; Heparin; Glucose 6-phosphate; Putrescine; Formaldehyde; (R)-lipoic acid; NADH; Pyridoxal 5'-phosphate; Gamma-Tocopherol; Phosphocreatine; Flavin Mononucleotide; Guanidine; Propylene glycol; Dihydroxyacetone; Theophylline; Alpha-Tocopherol; Calcitriol; 3-Nitrotyrosine; 1,1-Dimethylbiguanide; Ibuprofen; 17a-Ethynylestradiol; Ubiquinone-1; 2-Pyrrolidinone; Phenylephrine; Octadecanol; Methane; Nandrolone; Androsterone sulfate; Cortisone; Testosterone sulfate; Oxytocin; Campesterol; Dihydrotestosterone; Inositol phosphate; Cysteamine; Epigallocatechin gallate; 5-Aminoimidazole-4-carboxamide; Testosterone glucuronide; Genistein; Thromboxane B2; Amylopectin; D-Ornithine; Nitric oxide; D-Serine; Butanal; 5-Androstenediol; 19-Oxotestosterone; 11b-Hydroxyprogesterone; L-Allothreonine; Estrone glucuronide; Ceramide (d18:1/12:0); Ceramide (d18:1/9Z-18:1); Ceramide (d18:1/16:0); Ceramide (d18:1/18:0); Ceramide (d18:1/20:0); Ceramide (d18:1/22:0); Cer(d18:1/24:1(15Z)); Cer(d18:1/26:0); Ceramide (d18:1/24:0); Ceramide (d18:1/25:0); Simvastatin","<a href=""http://www.hmdb.ca"" target=""_blank""><u>HMDB</u></a>",NA
"47","hMSEA6047","Myelin","Pregnenolone; Ganglioside GM3; N-Acetylneuraminic acid; Ganglioside GD3; N-Acetyl-L-aspartic acid; Myoinositol; Ganglioside GM1; Galactosylsphingosine; 3-O-Sulfogalactosylceramide (d18:1/24:0); Cardiolipin; Guanine; 1,2-Diacyl-glycerophospholipid; Cobalamin; 2,3-Diphosphoglyceric acid; Acetylcysteine; Taurocholic acid; Phytanic acid; Sulfite; Methylcobalamin; Pristanic acid; N-Acetyl-D-glucosamine; S-Adenosylhomocysteine; Amylopectin; 7-Ketocholesterol; Adrenic acid; N-Acetyl-a-D-galactosamine","<a href=""http://www.hmdb.ca"" target=""_blank""><u>HMDB</u></a>",NA
"48","hMSEA6048","Nerve Cells","Pregnenolone; Gamma-Aminobutyric acid; Lactosylceramide; 3,4-Dihydroxyphenylglycol; Tyramine; 6-Hydroxydopamine; Ganglioside GD3; Prostaglandin E1; Myoinositol; Prostaglandin I2; Phenylephrine; Guanosine monophosphate; Menthol; Glucosylceramide; Hydrogen sulfide; Inosine; Tetrahexosylceramide; Ganglioside GM1; Tryptamine; Trihexosylceramide; L-Acetylcarnitine; Ganglioside GA2; N-Glycoloylganglioside GM2; N,N'-Diglycoloylganglioside GD3; Scopolamine; Indole; Propylene glycol; 2,3-Diphosphoglyceric acid; Thromboxane; Triphosphate; Sulfite; L-Tryptophan; Lipoic acid; 3,4-Dihydroxymandelic acid; 3-Indolebutyric acid","<a href=""http://www.hmdb.ca"" target=""_blank""><u>HMDB</u></a>",NA
"49","hMSEA6049","Nervous Tissue","Epinephrine; Taurine; Chondroitin sulfate; Galactosylsphingosine; Neuraminic acid; Valeric acid; Arachidonic acid; SM(d18:1/18:0); Alpha-Linolenic acid; Gamma-Tocopherol; Alpha-Tocopherol; Docosahexaenoic acid","<a href=""http://www.hmdb.ca"" target=""_blank""><u>HMDB</u></a>",NA
"50","hMSEA6050","Neuron","Pregnenolone; Imidazole; Gamma-Aminobutyric acid; 2,3-Butanediol; 22b-Hydroxycholesterol; Glucosylsphingosine; Pyrocatechol; Lactosylceramide; 6-Hydroxydopamine; N-Acetyl-L-aspartic acid; Myoinositol; Inositol phosphate; Guanosine monophosphate; Valeric acid; Epigallocatechin gallate; Niacinamide; Menthol; Quinone; 3-Nitrotyrosine; L-Kynurenine; N-Methyl-D-aspartic acid; Quinolinic acid; Hydrogen sulfide; Spermidine; Putrescine; Carnosine; Pyridine; 27-Hydroxycholesterol; 3,4-Dihydroxybenzeneacetic acid; Tryptamine; Prostaglandin D2; 3-Hydroxybutyric acid; L-Acetylcarnitine; (S)-3-Hydroxybutyric acid; Scopolamine; Chondroitin; dADP; GDP-L-fucose; Guanine; Indole; Pyrophosphate; Inositol 1,4,5-trisphosphate; Pyridoxal 5'-phosphate; Progesterone; D-Glutamic acid; Butyric acid; Isorhamnetin; Menadione; Triphosphate; Acetoacetic acid; Maleic acid; Dimethylamine; Gamma-Glutamylcysteine; Diacetyl; Betaine aldehyde; S-Adenosylhomocysteine; Ketoleucine; 3-Hydroxyglutaric acid; D-Lysine; Gamma-Butyrolactone; Glyceraldehyde; Glycolaldehyde; Imidazolone; Levulinic acid; Carbamic acid; Guanosine triphosphate; Prostaglandin J2; Cinnamaldehyde; Farnesyl pyrophosphate","<a href=""http://www.hmdb.ca"" target=""_blank""><u>HMDB</u></a>",NA
"51","hMSEA6051","Neutrophil","Sulfite; Lipoxin A4; Eicosapentaenoic acid; 1,2-Diacyl-glycerophospholipid; Hepoxilin A3; 5-HETE; Isorhamnetin; Leukotriene C4; 3-Chlorotyrosine; L-Phosphatidic acid; Leukotriene B4","<a href=""http://www.hmdb.ca"" target=""_blank""><u>HMDB</u></a>",NA
"52","hMSEA6052","Nucleus","Homovanillic acid; Acetyl-CoA; S-Adenosylhomocysteine; S-Adenosylmethionine; Pyrophosphate; Cyclic GMP; Cytidine; Deoxycytidine; N-Acetylneuraminic acid; dADP; Deoxyuridine; Deoxyuridine triphosphate; Inosine triphosphate; Nicotinamide ribotide; 8-Hydroxy-deoxyguanosine; Biliverdin; Dihydrouracil; Dyspropterin; Inositol 1,4,5-trisphosphate; Inositol phosphate; Myo-inositol hexakisphosphate; Tetrahydrobiopterin; Cytidine triphosphate","<a href=""http://www.hmdb.ca"" target=""_blank""><u>HMDB</u></a>",NA
"53","hMSEA6053","Ovary","L-Fucose; Melatonin; Oxytocin","<a href=""http://www.hmdb.ca"" target=""_blank""><u>HMDB</u></a>",NA
"54","hMSEA6054","Pancreas","Deoxyuridine; Aldosterone; Betaine; Bilirubin; Beta-Alanine; Cortisol; Epinephrine; Dopamine; Ethanol; D-Glucose; Glycine; Glycerol; Formic acid; L-Glutamic acid; Ethanolamine; D-Mannose; L-Fucose; Maleic acid; Inosine; Oleic acid; N-Acetylgalactosamine; Norepinephrine; Orotic acid; Pyruvic acid; Taurine; Succinic acid; Serotonin; Thymidine; D-Ribose; Butanone; L-Arginine; Adenosine triphosphate; Benzenebutanoic acid; Creatinine; Cyanocobalamin; Dermatan; L-Glutamine; Heparan sulfate; L-Methionine; 4-Hydroxyproline; Homocysteine; Glycogen; Phosphoglycolic acid; Neuraminic acid; Neopterin; Isopropyl alcohol; Histamine; Acetylcholine; Ergocalciferol; Valproic acid glucuronide; Acetaldehyde; Adenosine phosphosulfate; Arachidonic acid; Lathosterol; Malonyl-CoA; Spermine; L-Sorbose; Palmityl-CoA; Mevalonic acid-5P; Retinal; Purine; Melatonin; Heparin; Niacinamide; Formaldehyde; Nicotine-1'-N-oxide; Inositol 1,4,5-trisphosphate; Folinic acid; Acetone; Guanidine; Tetrahydrofolic acid; Verapamil; All-trans-retinoic acid; 4-Aminohippuric acid; Methanol; Theophylline; Menadione; Alpha-Tocopherol; Calcitriol; Ibuprofen; 17a-Ethynylestradiol; Lisinopril; Vasopressin; Ubiquinone-1; Docosahexaenoic acid; Oxalic acid; Octadecanol; Isorhamnetin; Alloxan; Oxytocin; Nitrate; Cysteamine; Lycopene; Retinoyl b-glucuronide; Thromboxane B2; Oxidized glutathione; Nitric oxide; Triphosphate; D-Serine; Myo-inositol hexakisphosphate; Carbonic acid; Levan; Perillyl alcohol; Resveratrol; Selenomethionine; L-Allothreonine; 1-Butanol; Estrone glucuronide; Ceramide (d18:1/12:0); Ceramide (d18:1/9Z-18:1); Ceramide (d18:1/16:0); Ceramide (d18:1/18:0); Ceramide (d18:1/20:0); Ceramide (d18:1/22:0); Cer(d18:1/24:1(15Z)); Cer(d18:1/26:0); Ceramide (d18:1/24:0); Ceramide (d18:1/25:0)","<a href=""http://www.hmdb.ca"" target=""_blank""><u>HMDB</u></a>",NA
"55","hMSEA6055","Peroxisome","Acetyl-CoA; Pyrophosphate; 3-Hydroxy-3-methylglutaryl-CoA; FAD; L-Acetylcarnitine; NADH; Succinic acid; 3a,7a,12a-Trihydroxy-5b-cholestanoyl-CoA; Farnesyl pyrophosphate; Mevalonic acid; Formaldehyde; Glycine; 2-Hydroxyphytanoyl-CoA; Acetoacetyl-CoA; Crotonoyl-CoA; Glycolic acid; Glyoxylic acid; Isocitric acid; Malonyl-CoA; Oxalacetic acid; Pyruvic acid; Sarcosine; Stearoyl-CoA; Pristanoyl-CoA; D-1-Piperideine-2-carboxylic acid; D-Arginine; Dimethylallylpyrophosphate; Isopentenyl pyrophosphate; L-Pipecolic acid; Lauroyl-CoA; Mevalonic acid-5P; Oxalic acid; Pristanic acid; Taurine; Trihydroxycoprostanoic acid; Uric acid; Xanthine","<a href=""http://www.hmdb.ca"" target=""_blank""><u>HMDB</u></a>",NA
"56","hMSEA6056","Placenta","Deoxyuridine; Aldosterone; Betaine; Ascorbic acid; Androstenedione; Bilirubin; Beta-Alanine; Cortisol; Creatine; Epinephrine; Dopamine; Dehydroepiandrosterone; Choline; Ethanol; D-Glucose; Glycine; Glycerol; L-Glutamic acid; Estradiol; Estriol; Hypoxanthine; D-Mannose; L-Fucose; L-Dopa; Inosine; Oleic acid; N-Acetylgalactosamine; Norepinephrine; Nicotinamide ribotide; Thiamine; Sorbitol; Thyroxine; Taurine; Pregnenolone; Succinic acid; Sucrose; Serotonin; Liothyronine; Thymidine; D-Ribose; Uric acid; Uridine 5'-diphosphate; Vitamin A; Tyramine; 16-Oxoestrone; L-Arginine; B-Carotene; Creatinine; L-Cysteine; Chondroitin sulfate; Cyanocobalamin; Cholic acid; Chondroitin; Cytosine; Dermatan; L-Glutamine; Linoleic acid; L-Kynurenine; L-Leucine; Heparan sulfate; 4-Hydroxyproline; Homocysteine; Glycogen; Phosphoglycolic acid; Stearic acid; Neuraminic acid; Histamine; Vitamin D3; Acetylcholine; Ergocalciferol; Valproic acid glucuronide; Citrulline; S-Adenosylhomocysteine; Ursodeoxycholic acid; Lipoamide; Acetaldehyde; Biliverdin; Arachidonic acid; Cotinine; GDP-L-fucose; Protoporphyrinogen IX; Prostaglandin F2a; Lathosterol; Octanol; S-Adenosylmethionine; Dyspropterin; Prostaglandin E2; 4-Nitrophenol; Dehydroascorbic acid; L-Sorbose; Guanosine triphosphate; D-Lactic acid; Prostaglandin I2; Palmityl-CoA; Selenium; Retinal; Adenosine tetraphosphate; Purine; Alpha-Linolenic acid; Melatonin; p-Aminobenzoic acid; Heparin; 5-Methyltetrahydrofolic acid; Niacinamide; Putrescine; Estrone sulfate; Formaldehyde; Prostaglandin E1; (R)-lipoic acid; Queuine; Nicotine-1'-N-oxide; Imidazole; Pyridoxal; Corticosterone; Phosphorylcholine; Acetone; Progesterone; Guanidine; Tetrahydrofolic acid; Verapamil; All-trans-retinoic acid; Theophylline; Acetylcysteine; Menadione; Alpha-Tocopherol; Calcitriol; Ibuprofen; 17a-Ethynylestradiol; Cobalamin; Docosahexaenoic acid; Octadecanol; Nitrite; Cortisone; Testosterone sulfate; Oxytocin; 6-Keto-prostaglandin F1a; Inositol phosphate; 20a-Dihydroprogesterone; Flavone; Retinoyl b-glucuronide; Thromboxane; Genistein; Lutein; Thromboxane B2; Oxidized glutathione; D-Glutamic acid; Nitric oxide; Triphosphate; Pectin; Chitosan; D-Serine; Beta-D-Galactose; Carbonic acid; Carbamic acid; Retinyl palmitate; Resveratrol; 19-Hydroxyandrost-4-ene-3,17-dione; 19-Oxotestosterone; 11-Dehydrocorticosterone; 11b-Hydroxyprogesterone; 3,3',4'5-Tetrahydroxystilbene; Estrone glucuronide; Ganglioside GA1 (d18:1/12:0); Ganglioside GA1 (d18:1/9Z-18:1); Ganglioside GA1 (d18:1/16:0); Ganglioside GA1 (d18:1/18:0); Ganglioside GA1 (d18:1/20:0); Ganglioside GA1 (d18:1/22:0); Ganglioside GA1 (d18:1/24:1(15Z)); Ganglioside GA1 (d18:1/26:1(17Z)); Ganglioside GA1 (d18:1/26:0); Ganglioside GA1 (d18:1/24:0); Ganglioside GA1 (d18:1/25:0); Ceramide (d18:1/12:0); Ceramide (d18:1/9Z-18:1); Ceramide (d18:1/16:0); Ceramide (d18:1/18:0); Ceramide (d18:1/20:0); Ceramide (d18:1/22:0); Cer(d18:1/24:1(15Z)); Cer(d18:1/26:0); Ceramide (d18:1/24:0); Ceramide (d18:1/25:0)","<a href=""http://www.hmdb.ca"" target=""_blank""><u>HMDB</u></a>",NA
"57","hMSEA6057","Platelet","Imidazole; 2,3-Butanediol; Normetanephrine; NAD; Prostaglandin F2a; Cholesterol sulfate; Tyramine; Cyclic GMP; Prostaglandin E1; Prostaglandin I2; NADH; Inositol phosphate; Palmitic acid; Guanosine monophosphate; Catechin; Epigallocatechin gallate; Hematoporphyrin IX; Alpha-Lactose; Dehydroascorbic acid; 3-Nitrotyrosine; Sulfide; Indoleacetic acid; Vanylglycol; Cotinine; Spermidine; Putrescine; Phosphorylcholine; Inosine; Tryptamine; Prostaglandin D2; Valproic acid glucuronide; Citalopram; Sertraline; Acetyl-CoA; 5-Hydroxy-L-tryptophan; Glucosamine; dADP; Lipoxin A4; Eicosapentaenoic acid; Cardiolipin; GDP-L-fucose; Pyrophosphate; Trehalose; 1,2-Diacyl-glycerophospholipid; Estrone sulfate; Propylene glycol; Hydroxyeicosatetraenoic acid; Inositol 1,4,5-trisphosphate; 5-HETE; Alloxan; Isopropyl alcohol; D-Arginine; Gamma-Linolenic acid; Flavin Mononucleotide; Phosphatidylserine; Progesterone; Sphinganine; Isorhamnetin; Methane; Phloretin; Epicatechin; Menadione; Thromboxane; Triphosphate; Maleic acid; 5-Aminoimidazole-4-carboxamide; Adenosine phosphosulfate; 5'-Methylthioadenosine; Docosapentaenoic acid; Sphingosine 1-phosphate; Terephthalic acid; Digoxin; Cholic acid; Leukotriene C4; 4-Nitrophenol; N-Acetyl-D-glucosamine; Deacetyldiltiazem; Phosphoadenosine phosphosulfate; Deoxypyridinoline; Hydrochlorothiazide; Pravastatin; Atorvastatin; Clopidogrel; 3-Indolebutyric acid; Guanosine triphosphate; Prostaglandin J2; L-Phosphatidic acid; Leukotriene B4; 3,3',4'5-Tetrahydroxystilbene; 6-Keto-prostaglandin F1a; 11-Dehydro-thromboxane B2; 12(S)-HPETE; 2-Chlorobenzoic acid; Aspirin; D-Glucosaminide; D-Maltose; Deuteroporphyrin IX; Prostaglandin A1; Prostaglandin H2; Raffinose; Rhamnose; Tartaric acid; trans-trans-Muconic acid; Caffeic acid; 8-Isoprostane; Thromboxane A2; L-Norleucine; 5-Methoxytryptamine","<a href=""http://www.hmdb.ca"" target=""_blank""><u>HMDB</u></a>",NA
"58","hMSEA6058","Prostate","2-Hydroxybutyric acid; Deoxyuridine; p-Hydroxyphenylacetic acid; Biotin; Androsterone; Adenine; Butyric acid; Betaine; Ascorbic acid; Argininosuccinic acid; Androstenedione; Beta-Alanine; L-Carnitine; Cortisol; Creatine; Cholesterol; Pipecolic acid; cis-Aconitic acid; Dihydrouracil; Dehydroepiandrosterone; Dihydrothymine; Glycerophosphocholine; Cytidine; Citric acid; Cytidine monophosphate; Choline; L-Cystathionine; Ethanol; Glycerylphosphorylethanolamine; D-Glucose; Glycine; Fructose 6-phosphate; Glycerol 3-phosphate; Glycerol; Guanine; Guanosine; Fumaric acid; Glycocholic acid; Glyceric acid; D-Galactose; L-Glutamic acid; Estradiol; L-Malic acid; Hypoxanthine; L-Tyrosine; L-Phenylalanine; L-Alanine; L-Proline; L-Threonine; L-Asparagine; D-Mannose; L-Isoleucine; Maleic acid; L-Histidine; L-Lysine; L-Serine; L-Aspartic acid; Anserine; Inosine; L-Acetylcarnitine; Oleic acid; Pantothenic acid; myo-Inositol; N-Acetylgalactosamine; Ornithine; N-Acetyl-D-glucosamine; Norepinephrine; Orotidylic acid; Palmitic acid; N-Acetylneuraminic acid; Quinolinic acid; Riboflavin; Sorbitol; Thyroxine; Pyrophosphate; Taurine; Succinic acid; Sucrose; Serotonin; Thymine; Phosphoenolpyruvic acid; Pyroglutamic acid; Sarcosine; Phosphoserine; Thymidine; D-Ribose; Uric acid; Xanthine; Xanthosine 5-triphosphate; Urea; Uridine 5'-diphosphate; Uracil; 3,4-Dihydroxyphenylglycol; 2-Methoxyestradiol; Biopterin; 5-Hydroxy-L-tryptophan; 3-Methylhistidine; 3-Methyl-2-oxovaleric acid; Ribitol; Aminoadipic acid; L-Arginine; 4,5-Dihydroorotic acid; B-Carotene; Creatinine; L-Cysteine; Chondroitin sulfate; Cyanocobalamin; D-Ribulose 5-phosphate; Ethylmalonic acid; Gluconic acid; Epitestosterone; Cytosine; Deoxycholic acid glycine conjugate; Chenodeoxycholic acid glycine conjugate; Dodecanoic acid; L-Glutamine; L-Arabinose; D-Fructose; Glutaric acid; Glucaric acid; Indolelactic acid; Linoleic acid; Indoxyl sulfate; L-Leucine; Ketoleucine; L-Methionine; Hexanoylcarnitine; 4-Hydroxyphenylpyruvic acid; Hippuric acid; Kynurenic acid; L-Homoserine; 4-Hydroxyproline; Homocarnosine; Methylglutaric acid; Hydroxyphenyllactic acid; 5-Hydroxyindoleacetic acid; Azelaic acid; Pristanic acid; Phytanic acid; Myristic acid; 3-Phosphoglyceric acid; N-Acetyl-L-aspartic acid; Phosphoglycolic acid; Stearic acid; Ureidosuccinic acid; Pyridinoline; Beta-Sitosterol; Histamine; Vitamin D3; Suberic acid; Acetylcholine; Ergocalciferol; NAD; Citrulline; L-Tryptophan; S-Adenosylhomocysteine; Pyrocatechol; Hypotaurine; Adenosine phosphosulfate; Biliverdin; Dehydroepiandrosterone sulfate; Arachidonic acid; gamma-Glutamylcysteine; Fructose 1-phosphate; Mannose 6-phosphate; GDP-L-fucose; N-Acetylmannosamine; Keratan; Lathosterol; 5'-Methylthioadenosine; Adenosine diphosphate ribose; S-Adenosylmethionine; Deoxyuridine triphosphate; Acetyl-CoA; Spermine; Spermidine; Maltotriose; L-Sorbose; Maltotetraose; 6-Phosphogluconic acid; Purine; Alpha-Linolenic acid; Melatonin; p-Aminobenzoic acid; Heparin; Niacinamide; Putrescine; Formaldehyde; Phosphate; Pyridoxamine; Gamma-Tocopherol; Progesterone; Tetrahydrofolic acid; Caffeine; Verapamil; All-trans-retinoic acid; Paraxanthine; Epicatechin; Methanol; Menadione; Alpha-Tocopherol; Calcitriol; 2-Aminoisobutyric acid; Alendronic acid; Ibuprofen; 17a-Ethynylestradiol; Levofloxacin; Caffeic acid; Ubiquinone-1; Phenylephrine; Docosahexaenoic acid; Picolinic acid; Heptadecanoic acid; Imidazolelactic acid; Cadaverine; Octadecanol; Isorhamnetin; 1,5-Anhydrosorbitol; Oxytocin; Delta-Tocopherol; D-Xylitol; Dihydrotestosterone; Inositol phosphate; Erythritol; Lycopene; O-Acetylserine; Aniline; Flavone; Epigallocatechin gallate; Genistein; Palmitoleic acid; Thromboxane B2; 1-Methyladenosine; N-Acetylornithine; Nitric oxide; Pectin; Chitosan; D-Serine; Berberine; L-Histidinol; 4-Guanidinobutanoic acid; Myo-inositol hexakisphosphate; Calcidiol; Stachyose; Perillyl alcohol; 4-Acetamidobutanoic acid; Dimethylbenzimidazole; Resveratrol; 5-Androstenediol; 19-Oxotestosterone; Selenomethionine; Beta-D-Fructose 6-phosphate; 11b-Hydroxyprogesterone; L-Allothreonine; Se-Methylselenocysteine; Bradykinin; Tyrosol; Estrone glucuronide; Topiramate; UDP-N-acetylmuraminate; Trans-2, 3, 4-Trimethoxycinnamate; 5-Sulfosalicylic acid; Bicine; Bradykinin hydroxyproline; 1-Kestose; D-Arabinose 5-phosphate; N2-gamma-Glutamylglutamine","<a href=""http://www.hmdb.ca"" target=""_blank""><u>HMDB</u></a>",NA
"59","hMSEA6059","Retina","Zeaxanthin; p-Hydroxymandelic acid","<a href=""http://www.hmdb.ca"" target=""_blank""><u>HMDB</u></a>",NA
"60","hMSEA6060","Skeletal Muscle","1-Methylhistidine; Carnosine; Aldosterone; Betaine; Ascorbic acid; L-Carnitine; Cortisol; Creatine; Dopamine; Choline; Ethanol; Glycerol; L-Glutamic acid; Hypoxanthine; L-Acetylcarnitine; Oleic acid; N-Acetylgalactosamine; Norepinephrine; Palmitic acid; Thiamine; Pyruvic acid; Thyroxine; Pyrophosphate; Taurine; Succinic acid; Liothyronine; Sarcosine; Thymidine; D-Ribose; Uridine diphosphate glucose; Xanthine; (S)-3-Hydroxybutyric acid; 3-Methylhistidine; Stigmastanol; L-Arginine; Adenosine triphosphate; Magnesium; Creatinine; L-Cysteine; Ethylmalonic acid; Cytosine; L-Glutamine; L-Leucine; Heparan sulfate; 4-Hydroxyproline; Glycogen; Phosphoglycolic acid; Neuraminic acid; Acetylcholine; Ergocalciferol; NAD; Arachidonic acid; Coenzyme Q10; Lathosterol; Malonyl-CoA; S-Adenosylmethionine; Acetyl-CoA; QH2; D-Lactic acid; Palmityl-CoA; Mevalonic acid-5P; Purine; Heparin; Glucose 6-phosphate; Coenzyme A; Formaldehyde; (R)-lipoic acid; Nicotinic acid; Gamma-Tocopherol; Nicotine-1'-N-oxide; dADP; Phosphocreatine; AICAR; Methanol; Thymol; Theophylline; Alpha-Tocopherol; Calcitriol; 1,1-Dimethylbiguanide; Ibuprofen; 17a-Ethynylestradiol; Lisinopril; Eicosapentaenoic acid; Ubiquinone-1; Malonyl-CoA semialdehyde; Docosahexaenoic acid; Heptadecanoic acid; Octadecanol; Nitrite; Nitrate; Delta-Tocopherol; 5-Aminoimidazole-4-carboxamide; Thromboxane; Palmitoleic acid; Thromboxane B2; Menthol; Quinone; D-Ornithine; Nitric oxide; Triphosphate; Pectin; D-Serine; Diacetyl; Beta-D-Galactose; Carbonic acid; Resveratrol; Beta-Tyrosine; 1-Phosphatidyl-1D-myo-inositol 3-phosphate; 19-Oxotestosterone; 11b-Hydroxyprogesterone; L-Allothreonine; Estrone glucuronide; Ceramide (d18:1/12:0); Ceramide (d18:1/9Z-18:1); Ceramide (d18:1/16:0); Ceramide (d18:1/18:0); Ceramide (d18:1/20:0); Ceramide (d18:1/22:0); Cer(d18:1/24:1(15Z)); Cer(d18:1/26:0); Ceramide (d18:1/24:0); Ceramide (d18:1/25:0); cis-4-Decenoic acid","<a href=""http://www.hmdb.ca"" target=""_blank""><u>HMDB</u></a>",NA
"61","hMSEA6061","Skin","7-Dehydrocholesterol; Betaine; Androstenedione; Bilirubin; Cortisol; Glycolic acid; Glycerol; L-Fucose; Alpha-Lactose; Oleic acid; Ornithine; Protoporphyrin IX; Sphingosine; Squalene; Thymine; Pyroglutamic acid; Thymidine; Urea; Urocanic acid; Vitamin A; Dihydroandrosterone; B-Carotene; Desmosine; Chondroitin sulfate; Glucosylsphingosine; Sulfide; Chromium; Cobalt; Cytosine; Dermatan; Cholesterol sulfate; Linoleic acid; 4-Hydroxyproline; Mannitol; Azelaic acid; Stearic acid; Neopterin; Pyridinoline; Isopropyl alcohol; Histamine; Vitamin D3; Valeric acid; Acetylcholine; Ergocalciferol; Leukotriene B4; GDP-L-fucose; 5-Aminolevulinic acid; Lathosterol; Octanol; Leukotriene C4; Prostaglandin E2; Spermine; Spermidine; D-Lactic acid; Nitrogen; p-Aminobenzoic acid; Prostaglandin D2; Niacinamide; Putrescine; Estrone sulfate; Formaldehyde; Prostaglandin E1; Nicotinic acid; Gamma-Tocopherol; Nicotine-1'-N-oxide; Benzene; Phosphocreatine; Acetone; Caffeine; All-trans-retinoic acid; Benzoic acid; Methanol; Propylene glycol; Alpha-Tocopherol; Salicylic acid; Aminocaproic acid; Calcitriol; Clotrimazole; Naproxen; L(-)-Nicotine; Chlorpheniramine; Octadecanol; Hydroquinone; Dihydrotestosterone; Lycopene; Retinoyl b-glucuronide; Epigallocatechin gallate; Canthaxanthin; Heme; Lutein; D-Ornithine; D-Limonene; Nitric oxide; Cinnamaldehyde; Resveratrol; Melanin; Eucalyptol; 8-Isoprostane; Trihexosylceramide (d18:1/12:0); Trihexosylceramide (d18:1/9Z-18:1); Trihexosylceramide (d18:1/16:0); Trihexosylceramide (d18:1/18:0); Trihexosylceramide (d18:1/20:0); Trihexosylceramide (d18:1/22:0); Trihexosylceramide (d18:1/24:1(15Z)); Trihexosylceramide (d18:1/26:1(17Z)); Trihexosylceramide (d18:1/24:0); Trihexosylceramide (d18:1/25:0); Ceramide (d18:1/12:0); Ceramide (d18:1/9Z-18:1); Ceramide (d18:1/16:0); Ceramide (d18:1/18:0); Ceramide (d18:1/20:0); Ceramide (d18:1/22:0); Cer(d18:1/24:1(15Z)); Cer(d18:1/26:0); Ceramide (d18:1/24:0); Ceramide (d18:1/25:0); Codeine; Loratadine; Amlodipine; Fexofenadine; Cetirizine; Triclosan glucuronide; Triclosan sulfate","<a href=""http://www.hmdb.ca"" target=""_blank""><u>HMDB</u></a>",NA
"62","hMSEA6062","Small Intestine","D-Xylose; Cholic acid; Glycylleucine; UDP-D-Xylose; Digoxin; Pectin","<a href=""http://www.hmdb.ca"" target=""_blank""><u>HMDB</u></a>",NA
"63","hMSEA6063","Smooth Muscle","Leukotriene C4; Cyclic GMP; Guanosine monophosphate; Prostaglandin D2; Thromboxane A2; Salbutamol; Leukotriene E4; Thromboxane; Sildenafil","<a href=""http://www.hmdb.ca"" target=""_blank""><u>HMDB</u></a>",NA
"64","hMSEA6064","Sperm","Testosterone; Testosterone sulfate; Testosterone decanoate; Testosterone glucuronide; Testosterone undecanoic acid; L-Acetylcarnitine; Hypotaurine; D-Fructose","<a href=""http://www.hmdb.ca"" target=""_blank""><u>HMDB</u></a>",NA
"65","hMSEA6065","Spinal Cord","Homovanillic acid; Indoleacetic acid; 5-Hydroxyindoleacetic acid; 3-Nitrotyrosine","<a href=""http://www.hmdb.ca"" target=""_blank""><u>HMDB</u></a>",NA
"66","hMSEA6066","Spleen","Betaine; Ascorbic acid; Melibiose; Bilirubin; Cellobiose; Acetoacetic acid; Cortisol; Creatine; Dopamine; Glycerophosphocholine; Choline; Gamma-Aminobutyric acid; Glycine; Glycerol; Guanine; L-Glutamic acid; Estradiol; Hypoxanthine; D-Mannose; L-Fucose; Maleic acid; Alpha-Lactose; Inosine; N-Acetylgalactosamine; Phenol; Quinolinic acid; Protoporphyrin IX; Pyruvic acid; Thyroxine; Sphingosine; Succinic acid; Sucrose; Sphinganine; Thymidine; D-Ribose; Uric acid; Vitamin A; Tyramine; 2-Amino-3-phosphonopropionic acid; 18-Hydroxycortisol; Aspartylglycosamine; L-Arginine; B-Carotene; Creatinine; L-Cysteine; Chondroitin sulfate; Glucosylsphingosine; Cholic acid; Chondroitin; Cytosine; Dermatan; L-Glutamine; L-Thyronine; Hematoporphyrin IX; Linoleic acid; L-Kynurenine; Heparan sulfate; L-Methionine; 4-Hydroxyproline; Lactulose; 5-Hydroxyindoleacetic acid; Myristic acid; Phosphoglycolic acid; Neuraminic acid; N-Glycolylneuraminic acid; Neopterin; Histamine; Vitamin D3; Acetylcholine; Ergocalciferol; Deoxyadenosine monophosphate; CE(18:1(9Z)); UDP-D-Xylose; Arachidonic acid; Mannose 6-phosphate; GDP-L-fucose; Carbamoyl phosphate; 5-Aminolevulinic acid; 4-Aminophenol; Deoxyuridine triphosphate; Acetyl-CoA; D-Lactic acid; Isopentenyl pyrophosphate; SM(d18:1/18:0); Retinal; Adenosine tetraphosphate; Purine; Heparin; Prostaglandin D2; Niacinamide; Inositol 1,4,5-trisphosphate; dADP; 6-Hydroxydopamine; N-Acetyllactosamine; Corticosterone; Aminopterin; Guanidine; All-trans-retinoic acid; Methanol; Alpha-Tocopherol; Calcitriol; Ibuprofen; 17a-Ethynylestradiol; Aminoacetone; Coproporphyrinogen I; Phenylephrine; Desaminotyrosine; Octadecanol; Mesoporphyrin IX; Nitrite; Zeaxanthin; Nitrate; Cysteamine; Lycopene; Aniline; Quinic acid; Flavone; 2,3-Butanediol; Thromboxane; Lutein; Thromboxane B2; Muramic acid; Hydroxylamine; D-Glutamic acid; Chitin; D-Ornithine; Nitric oxide; Triphosphate; Pectin; D-Serine; Beta-D-Galactose; Myo-inositol hexakisphosphate; Resveratrol; Pregnanediol; 11b-Hydroxyprogesterone; Melanin; 1-Butanol; Ganglioside GA1 (d18:1/12:0); Ganglioside GA1 (d18:1/9Z-18:1); Ganglioside GA1 (d18:1/16:0); Ganglioside GA1 (d18:1/18:0); Ganglioside GA1 (d18:1/20:0); Ganglioside GA1 (d18:1/22:0); Ganglioside GA1 (d18:1/24:1(15Z)); Ganglioside GA1 (d18:1/26:1(17Z)); Ganglioside GA1 (d18:1/26:0); Ganglioside GA1 (d18:1/24:0); Ganglioside GA1 (d18:1/25:0); Ceramide (d18:1/12:0); Ceramide (d18:1/9Z-18:1); Ceramide (d18:1/16:0); Ceramide (d18:1/18:0); Ceramide (d18:1/20:0); Ceramide (d18:1/22:0); Cer(d18:1/24:1(15Z)); Cer(d18:1/26:0); Ceramide (d18:1/24:0); Ceramide (d18:1/25:0); Glucosylceramide (d18:1/12:0); Glucosylceramide (d18:1/9Z-18:1); Glucosylceramide (d18:1/16:0); Glucosylceramide (d18:1/18:0); Glucosylceramide (d18:1/20:0); Glucosylceramide (d18:1/22:0); Glucosylceramide (d18:1/24:1(15Z)); Glucosylceramide (d18:1/26:1(17Z)); Glucosylceramide (d18:1/26:0); Glucosylceramide (d18:1/24:0); Glucosylceramide (d18:1/25:0); Dolichol-20","<a href=""http://www.hmdb.ca"" target=""_blank""><u>HMDB</u></a>",NA
"67","hMSEA6067","Striatum","Homovanillic acid; Indoleacetic acid; 3,4-Dihydroxybenzeneacetic acid","<a href=""http://www.hmdb.ca"" target=""_blank""><u>HMDB</u></a>",NA
"68","hMSEA6068","Temporal Lobe","N-Acetyl-L-aspartic acid","<a href=""http://www.hmdb.ca"" target=""_blank""><u>HMDB</u></a>",NA
"69","hMSEA6069","Testes","Pregnenolone; Imidazole; Estriol; 17-Hydroxyprogesterone; Gamma-Aminobutyric acid; 2,3-Butanediol; Androst-5-ene-3b,17b-diol; 17a-Hydroxypregnenolone; Ganglioside GM3; 7-Dehydrocholesterol; N-Acetylneuraminic acid; Nandrolone; Prostaglandin F2a; Malic acid; Epitestosterone; 21-Deoxycortisol; Myoinositol; Inositol phosphate; Oxalic acid; Xanthine; Benzoic acid; 5-Aminolevulinic acid; N5-Formyl-H4F; Cotinine; Spermidine; Putrescine; Inosine; Testosterone; Testosterone sulfate; Testosterone decanoate; Testosterone glucuronide; Testosterone undecanoic acid; Chondroitin; Squalene; Guanine; Pyrophosphate; 1,2-Diacyl-glycerophospholipid; Estrone sulfate; Propylene glycol; QH2; DL-O-Phosphoserine; 2,3-Diphosphoglyceric acid; Progesterone; D-Glutamic acid; Beta-Sitosterol; Mannose 6-phosphate; Chitin; Selenocysteine; Sulfite; Protocatechuic acid; 5a-Pregnane-3,20-dione; 11-Hydroxyandrosterone; Homo-L-arginine; Lisinopril; Succinyl-CoA; N-Acetyl-a-D-galactosamine; Guanosine triphosphate; Farnesyl pyrophosphate; 20a-Dihydroprogesterone; 19-Hydroxyandrost-4-ene-3,17-dione; L-Norleucine; 11-cis-Retinaldehyde; 2-Hydroxyphenethylamine; 4-Coumaryl alcohol; 4,4-Dimethylcholesta-8,14,24-trienol; Androstanedione; Chitobiose; methyl D-Glucoside; N6,N6,N6-Trimethyl-L-lysine; Succinic acid semialdehyde; Uroporphyrinogen I; Androstanediol","<a href=""http://www.hmdb.ca"" target=""_blank""><u>HMDB</u></a>",NA
"70","hMSEA6070","Thalamus","N-Acetyl-L-aspartic acid; Indoleacetic acid; Vanylglycol; Testosterone; Testosterone sulfate; Testosterone decanoate; Testosterone glucuronide; Testosterone undecanoic acid; 3,4-Dihydroxybenzeneacetic acid; Digoxin","<a href=""http://www.hmdb.ca"" target=""_blank""><u>HMDB</u></a>",NA
"71","hMSEA6071","Thyroid Gland","2,3-Butanediol; Glucosylsphingosine; Vanillylmandelic acid; Phytosphingosine; Sphinganine; Selenocysteine; Dodecanoic acid; Uridine 5'-diphosphate; 5-Methoxytryptamine; L-Thyronine; Diethanolamine; Iodotyrosine","<a href=""http://www.hmdb.ca"" target=""_blank""><u>HMDB</u></a>",NA
"72","hMSEA6072","Tongue","Sulfide; Levan","<a href=""http://www.hmdb.ca"" target=""_blank""><u>HMDB</u></a>",NA
"73","hMSEA6073","Uterus","Estradiol; Heparan sulfate","<a href=""http://www.hmdb.ca"" target=""_blank""><u>HMDB</u></a>",NA
